French Broad Community Store,-82.656731,35.686573,559 Alexander Rd,,Alexander,NC,28701,8104,BUNCOMBE
S Asheville Farmer's Market,-82.508461,35.448414,2610 Hendersonville Rd,,Arden,NC,28704,8574,BUNCOMBE
TARGET STORE T-2011,-82.537453,35.447334,17 McKenna Rd,,Arden,NC,28704,9201,BUNCOMBE
FAST FUEL FOODMART 1,-82.514877,35.459209,22 Airport Rd,,Arden,NC,28704,3302,BUNCOMBE
Walgreens 11712,-82.511963,35.459377,2501 Hendersonville Rd,,Arden,NC,28704,9576,BUNCOMBE
Stop N Go 3,-82.511642,35.460613,4012 Sweeten Creek Rd,,Arden,NC,28704,3320,BUNCOMBE
Stop and Go 6,-82.494293,35.485645,400 Mills Gap Rd,,Arden,NC,28704,8564,BUNCOMBE
CVS PHARMACY 7884,-82.552734,35.481766,324 Long Shoals Rd,,Arden,NC,28704,8794,BUNCOMBE
Fastop Market 306,-82.526924,35.450779,314 Airport Rd,,Arden,NC,28704,9202,BUNCOMBE
Energy Mart 10,-82.553574,35.481998,380 Long Shoals Rd,,Arden,NC,28704,8794,BUNCOMBE
WAL-MART SUPERCENTER 1179,-82.521248,35.45549,60 Airport Rd,,Arden,NC,28704,9405,BUNCOMBE
INGLES MARKETS  0130,-82.548935,35.480293,301 Long Shoals Rd,,Arden,NC,28704,7713,BUNCOMBE
EARTHGRAINS BAKING 604,-82.510086,35.452271,2579 Hendersonville Rd,,Arden,NC,28704,9577,BUNCOMBE
One Stop # 14,-82.486694,35.783989,1164 Barnardsville Hwy,,Barnardsville,NC,28709,9701,BUNCOMBE
Big Ivy Meats,-82.454849,35.778004,1164 Barnardsville Hwy,Unit B,Barnardsville,NC,28709,,BUNCOMBE
RITE AID 11555,-82.318825,35.609318,540 NC Highway 9,,Black Mountain,NC,28711,3829,BUNCOMBE
BLACK MOUNTAIN NATURAL FOODS,-82.320541,35.614731,108 Black Mountain Ave,,Black Mountain,NC,28711,3403,BUNCOMBE
BURTONS,-82.312111,35.620018,197 Old US Hwy 70 E,,Black Mountain,NC,28711,3652,BUNCOMBE
ROADRUNNER MARKET 135,-82.318954,35.614281,202 NC Highway 9,,Black Mountain,NC,28711,3427,BUNCOMBE
CVS PHARMACY 3860,-82.321228,35.617001,707 Church St,,Black Moutain,NC,28711,,BUNCOMBE
Stop N Go Seven,-82.318901,35.61462,203 NC Highway 9,,Black Mountain,NC,28711,3426,BUNCOMBE
The iMarket 708,-82.319183,35.607929,592 NC Highway 9,,Black Mountain,NC,28711,3829,BUNCOMBE
Energy Mart 11,-82.318787,35.609779,508 NC Highway 9,,Black Mountain,NC,28711,3829,BUNCOMBE
BI-LO 5547,-82.318886,35.614014,205 NC Highway 9,,Black Mountain,NC,28711,3426,BUNCOMBE
BLACK MOUNTAIN FARMERS MARKET,-82.317307,35.617386,151 S Ridgeway Ave,,Black Mountain,NC,28711,3555,BUNCOMBE
AMAZING SAVINGS #2,-82.350433,35.607658,3018 US 70 Hwy,Ste 1,Black Mountain,NC,28711,6104,BUNCOMBE
DOLLAR GENERAL 8784,-82.350433,35.607658,3018 US Highway 70 W,,BLACK MOUNTAIN,NC,28711,,BUNCOMBE
DOLLAR GENERAL 2637,-82.31385,35.620167,129 Old US Hwy 70 E,,Black Mountain,NC,28711,3600,BUNCOMBE
INGLES MARKETS 0008,-82.318871,35.609047,550 NC Highway 9,,Black Mountain,NC,28711,3829,BUNCOMBE
PISGAH VALLEY MARKET,-82.727058,35.50816,1406 Pisgah Hwy # 151,,Candler,NC,28715,9023,BUNCOMBE
Fastop Markets 302,-82.643211,35.552898,627 Smoky Park Hwy,,Candler,NC,28715,9638,BUNCOMBE
Rite Aid 11556,-82.72966,35.498772,41 Westridge Market Pl,,Candler,NC,28715,9174,BUNCOMBE
BJ'S GAS & FOOD,-82.738914,35.543385,2294 Smoky Park Hwy,,Candler,NC,28715,9717,BUNCOMBE
Candler Travel Center 221,-82.765923,35.540585,I-40 Exit 37,,Candler,NC,28715,,BUNCOMBE
Best Produce,-82.654488,35.547146,877 Smoky Park Hwy,,Candler,NC,28715,9684,BUNCOMBE
Candler Exxon,-82.753426,35.54092,2515 Smoky Park Hwy,,Candler,NC,28715,9304,BUNCOMBE
Dollar General 13258,-82.665115,35.54512,1131 Smoky Park Hwy,,Candler,NC,28715,8240,BUNCOMBE
The Spot,-82.735214,35.543587,2267 Smoky Park Hwy,,Candler,NC,28715,9717,BUNCOMBE
FOOD LION 412,-82.655296,35.546829,901 Smoky Park Hwy,,Candler,NC,28715,8950,BUNCOMBE
BI-LO 5421,-82.647346,35.550144,511 SMOKEY PARK HWY,,CANDLER,NC,28715,,BUNCOMBE
DOLLAR GENERAL 423,-82.753395,35.540813,2514 Smoky Park Hwy,,Candler,NC,28715,9365,BUNCOMBE
Schwan's Home Service of Asheville NC,-82.640366,35.541618,1251 Sand Hill Rd,,Candler,NC,28715,6907,BUNCOMBE
TROUT LILY MARKET,-82.415565,35.523384,1297 Charlotte Hwy,,Fairview,NC,28730,8797,BUNCOMBE
Eblen Short Stop Stores 15,-82.424194,35.525467,1185 Charlotte Highway,,Fairview,NC,28730,,BUNCOMBE
Plemmons Family Foods 3,-82.402634,35.517956,1512 Charlotte Hwy,,Fairview,NC,28730,8759,BUNCOMBE
KD's One Stop,-82.41671,35.523117,1299 Charlotte Hwy,,Fairview,NC,28730,8797,BUNCOMBE
FOOD LION  1056,-82.411453,35.524193,1350 Charlotte Hwy,,Fairview,NC,28730,8798,BUNCOMBE
DOLLAR GENERAL  6092,-82.436424,35.537495,994 Charlotte Hwy Bldg A,,Fairview,NC,28730,7770,BUNCOMBE
BLUE RIDGE ICE CREAM,-82.754921,35.649853,1228 NEWFOUNDLAND RD,,LEICESTER,NC,28748,,BUNCOMBE
LEICESTER GENERAL STORE,-82.72541,35.657364,3149 New Leicester Hwy,,Leicester,NC,28748,6424,BUNCOMBE
Newfound Grocery,-82.70343,35.624878,581 Old Newfound Rd,,Leicester,NC,28748,5107,BUNCOMBE
THE LITTLE STORE,-82.737511,35.668121,3393 New Leicester Hwy,,Leicester,NC,28748,9523,BUNCOMBE
KING'S PRODUCE,-82.418121,35.596889,2164 US 70 Hwy,,Swannanoa,NC,28778,8210,BUNCOMBE
6 PACK SMOKE STACK,-82.425819,35.594753,2077 US Highway 70 Ste A,,Swannanoa,NC,28778,8218,BUNCOMBE
F&J Food Store #4,-82.39537,35.603642,501 Old US 70 Hwy,,Swannanoa,NC,28778,2549,BUNCOMBE
Plemmons Family Foods 2,-82.403198,35.592201,308 Patton Cove Rd,,Swannanoa,NC,28778,2918,BUNCOMBE
Family Dollar Store 8163,-82.413223,35.597874,2230 US 70 Hwy,,Swannanoa,NC,28778,8209,BUNCOMBE
Swannanoa Community Store,-82.404022,35.599873,2345 US 70 Hwy,,Swannanoa,NC,28778,8207,BUNCOMBE
CVS PHARMACY 2538,-82.390541,35.602451,2531 US 70 Hwy,,Swannanoa,NC,28778,9106,BUNCOMBE
Stop N Go 9,-82.43499,35.593212,1930 US 70 Hwy,,Swannanoa,NC,28778,9305,BUNCOMBE
INGLES MARKETS 0034,-82.387619,35.604179,629 HWY 70,,SWANNANOA,NC,28778,,BUNCOMBE
D & D GROCERY,-82.48748,35.784027,1130 Barnardsville Hwy,,Weaverville,NC,28787,9685,BUNCOMBE
Wal-Mart Supercenter 4334,-82.580948,35.705376,146 Monticello Rd,,Weaverville,NC,28787,9323,BUNCOMBE
Poor Boys 7,-82.564545,35.684948,75 Reems Creek Rd,,Weaverville,NC,28787,9209,BUNCOMBE
Kerr Drug Store 123,-82.56546,35.703518,65 Weaver Blvd,,Weaverville,NC,28787,9322,BUNCOMBE
CVS PHARMACY 7013,-82.578369,35.708748,121 Monticello Rd,,Weaverville,NC,28787,8931,BUNCOMBE
Roadrunner Market 151,-82.569534,35.704086,171 Weaver Blvd,,Weaverville,NC,28787,8345,BUNCOMBE
Reems Creek Food Market,-82.531853,35.690235,444 Reems Creek Rd,,Weaverville,NC,28787,8912,BUNCOMBE
Dollar Tree 4912,-82.577751,35.704739,31 Northridge Commons Pkwy,,Weaverville,NC,28787,7533,BUNCOMBE
Rose's 401,-82.568871,35.704021,165 Weaver Blvd,,Weaverville,NC,28787,8345,BUNCOMBE
Market Center Express 9,-82.53804,35.782925,10 Stockton Branch Rd,,Weaverville,NC,28787,9663,BUNCOMBE
MOUNTAIN HARVEST PRODUCE,-82.560493,35.708122,253 N Main St,,Weaverville,NC,28787,8412,BUNCOMBE
INGLES MARKETS  0180,-82.567497,35.703743,140 Weaver Blvd,,Weaverville,NC,28787,8345,BUNCOMBE
CITI- STOP 112,-82.546837,35.600903,45 Charlotte St,,Asheville,NC,28801,2420,BUNCOMBE
Asheville City Market,-82.546387,35.605618,161 Charlotte St S,,Asheville,NC,28801,3766,BUNCOMBE
Roadrunner Market 160,-82.553818,35.600574,40 Merrimon Ave,,Asheville,NC,28801,2323,BUNCOMBE
Amazing Savings,-82.558914,35.592075,45 S French Broad Ave,,Asheville,NC,28801,3217,BUNCOMBE
Green's Mini Mart,-82.563683,35.579281,414 Depot St,,Asheville,NC,28801,4313,BUNCOMBE
Greenlife Whole Foods Market 10351,-82.553513,35.601398,70 Merrimon Ave,,Asheville,NC,28801,2323,BUNCOMBE
One Stop 1,-82.54631,35.606945,210 Charlotte St,,Asheville,NC,28801,1924,BUNCOMBE
Bountiful Cities,-82.574974,35.607159,408 Pearson Dr,,Asheville,NC,28801,1022,BUNCOMBE
MONTFORD CONVENIENCE,-82.564598,35.602718,231 Montford Ave,,Asheville,NC,28801,1659,BUNCOMBE
EBLEN SHORT STOP #06,-82.562035,35.606224,425 Broadway St,,Asheville,NC,28801,1129,BUNCOMBE
BILTMORE GROCERY,-82.553764,35.586449,228 Short Coxe Ave,,Asheville,NC,28801,4124,BUNCOMBE
EBLEN SHORT STOP #07,-82.551697,35.5877,210 Biltmore Ave,,Asheville,NC,28801,4108,BUNCOMBE
HOT SPOT 2004,-82.556473,35.591412,79 Asheland Ave,,Asheville,NC,28801,3286,BUNCOMBE
FRENCH BROAD TRADING CO,-82.550758,35.591778,90 Biltmore Ave,,Asheville,NC,28801,3624,BUNCOMBE
CITI-STOP 105,-82.519493,35.53577,1297 Sweeten Creek Rd,,Asheville,NC,28803,1896,BUNCOMBE
WALGREEN 07823,-82.524071,35.503342,1835 Hendersonville Rd,,Asheville,NC,28803,3204,BUNCOMBE
CITI STOP 113,-82.545097,35.570629,779 Biltmore Ave,,Asheville,NC,28803,2593,BUNCOMBE
EARTH FARE 105,-82.522713,35.501328,1856 HENDERSONVILLE RD,,ASHEVILLE,NC,28803,,BUNCOMBE
GROCERY OUTLET 29,-82.524384,35.504429,1804 Hendersonville Rd,,Asheville,NC,28803,3207,BUNCOMBE
ash pantry,-82.539337,35.566078,2 Sweeten Creek Rd,,Asheville,NC,28803,2317,BUNCOMBE
Sonny's Package,-82.51889,35.511143,2601 Sweeten Creek Rd,,Asheville,NC,28803,2033,BUNCOMBE
WAL-MART SUPERCENTER 4428,-82.526787,35.51199,1636 Hendersonville Rd,,Asheville,NC,28803,,BUNCOMBE
Wilco 261,-82.535271,35.548878,648 Hendersonville Rd,,Asheville,NC,28803,2849,BUNCOMBE
CVS PHARMACY 4105,-82.528099,35.532234,1080 Hendersonville Rd,,Asheville,NC,28803,1835,BUNCOMBE
CVS PHARMACY 4176,-82.506546,35.570526,11 River Ridge Dr,,Asheville,NC,28803,1299,BUNCOMBE
CVS PHARMACY 7007,-82.47477,35.551662,225 Charlotte Hwy,,Asheville,NC,28803,8628,BUNCOMBE
Oakley Food Center,-82.511986,35.564865,764 Fairview Rd,,Asheville,NC,28803,1138,BUNCOMBE
The i Market 730,-82.521866,35.499893,1869 Hendersonville Rd,,Asheville,NC,28803,3217,BUNCOMBE
Lowes Foods 252,-82.529518,35.523903,1378 Hendersonville Rd,,Asheville,NC,28803,,BUNCOMBE
Stop N Go 12,-82.540871,35.56168,206 Hendersonville Rd,,Asheville,NC,28803,2745,BUNCOMBE
Papa Murphys Take and Bake Pizza NC030,-82.522858,35.501434,1863 Hendersonville Rd,Ste 112,Asheville,NC,28803,6112,BUNCOMBE
Chapala Tienda 4,-82.520523,35.540051,1190 Sweeten Creek Rd,,Asheville,NC,28803,1870,BUNCOMBE
BI-LO 5217,-82.503838,35.570648,801 Fairview Rd,Ste 12,Asheville,NC,28803,1168,BUNCOMBE
INGLES MARKETS 0079,-82.533401,35.544312,780 HENDERSONVILLE ROAD,,ASHEVILLE,NC,28803,,BUNCOMBE
HOT SPOT 2003,-82.521622,35.544067,1069 Sweeten Creek Rd,,Asheville,NC,28803,1726,BUNCOMBE
BIG KMART  7276,-82.524559,35.504784,1830 Hendersonville Rd,,Asheville,NC,28803,3207,BUNCOMBE
EBLEN SHORT STOP STORE #3,-82.510025,35.565941,790 Fairview Rd,,Asheville,NC,28803,1140,BUNCOMBE
AMAZING SAVINGS,-82.527771,35.562595,121 Sweeten Creek Rd,,Asheville,NC,28803,1526,BUNCOMBE
DOLLAR GENERAL 7964,-82.504189,35.570454,800 Fairview Rd,Ste A5,Asheville,NC,28803,1173,BUNCOMBE
INGLES MARKETS  0030,-82.522079,35.500233,1865 Hendersonville Rd,,Asheville,NC,28803,3217,BUNCOMBE
INGLES MARKETS 0111,-82.47477,35.551662,225 Charlotte Hwy,,Asheville,NC,28803,8628,BUNCOMBE
CITI-STOP 108,-82.555084,35.613106,411 Merrimon Ave,,Asheville,NC,28804,3405,BUNCOMBE
CITI-STOP 117,-82.582581,35.671844,660 Weaverville Rd,,Asheville,NC,28804,1129,BUNCOMBE
RITE AID 11566,-82.553116,35.627247,846 Merrimon Ave,,Asheville,NC,28804,2405,BUNCOMBE
Walgreens 9458,-82.553024,35.627205,841 Merrimon Ave,,Asheville,NC,28804,2404,BUNCOMBE
FARSIDE FARMS MARKET,-82.578972,35.641068,83 Weaverville Rd,,Asheville,NC,28804,1335,BUNCOMBE
Zip In 6,-82.578339,35.633579,35 Brookdale Ave,,Asheville,NC,28804,,BUNCOMBE
T J's Mountain Market 2,-82.579445,35.642544,90 Weaverville Hwy,,Asheville,NC,28804,,BUNCOMBE
The Price is Right Discount Warehouse,-82.581032,35.651039,198 Weaverville Rd,,Asheville,NC,28804,1259,BUNCOMBE
CVS PHARMACY 6769,-82.582924,35.671211,471 Weaverville Rd,,Asheville,NC,28804,1120,BUNCOMBE
CVS PHARMACY 7588,-82.554382,35.619919,612 Merrimon Ave,,Asheville,NC,28804,3426,BUNCOMBE
Woodfin Corner Market,-82.57592,35.62973,126 Elkwood Ave,,Asheville,NC,28804,2210,BUNCOMBE
North Asheville Tailgate Market,-82.562767,35.614265,1 University Heights,UNC ASHEVILLE,Asheville,NC,28804,,BUNCOMBE
The iMarket 722,-82.583153,35.670765,485 Weaverville Rd,,Asheville,NC,28804,1130,BUNCOMBE
The Fresh Market 003,-82.553703,35.6311,944 Merrimon Ave,,Asheville,NC,28804,2360,BUNCOMBE
Tiendo Hispana La Michoacana,-82.58255,35.662926,377 Weaverville Rd,,Asheville,NC,28804,1229,BUNCOMBE
Quick Stop,-82.571152,35.637032,1430 Merrimon Ave,,Asheville,NC,28804,1304,BUNCOMBE
SAV-MOR 019,-82.5532,35.627087,842 Merrimon Ave,,Asheville,NC,28804,2405,BUNCOMBE
INGLES MARKETS  0003,-82.553429,35.630859,915 Merrimon Ave,,Asheville,NC,28804,2304,BUNCOMBE
INGLES MARKETS  0022,-82.582306,35.67205,499 Weaverville Rd,,Asheville,NC,28804,1130,BUNCOMBE
HOT SPOT 5001,-82.580177,35.645046,110 Weaverville Rd,,Asheville,NC,28804,1226,BUNCOMBE
CITI-STOP 116,-82.529739,35.588833,165 Tunnel Rd,,Asheville,NC,28805,1844,BUNCOMBE
ALDI 74,-82.512344,35.577686,470 Swannanoa River Rd,,Asheville,NC,28805,2337,BUNCOMBE
RITE AID 11567,-82.487816,35.588001,2 Riceville Rd,,Asheville,NC,28805,2146,BUNCOMBE
GROCERY OUTLET 26,-82.466522,35.583763,1380 Tunnel Rd,,Asheville,NC,28805,1602,BUNCOMBE
TARGET STORE T-1807,-82.51992,35.572067,115 River Hills Rd,,Asheville,NC,28805,2550,BUNCOMBE
Walgreens 10212,-82.520493,35.578079,91 S Tunnel Rd,,Asheville,NC,28805,2218,BUNCOMBE
Quick Trip 2,-82.514069,35.586735,545 Tunnel Rd,,Asheville,NC,28805,1824,BUNCOMBE
Foreign Affairs Oriental Market,-82.508774,35.586662,611 Tunnel Rd,Ste A,Asheville,NC,28805,1860,BUNCOMBE
DOLLAR TREE 62,-82.526138,35.584606,4 S Tunnel Rd,Ste 13,Asheville,NC,28805,2222,BUNCOMBE
ROADRUNNER MARKET 152,-82.464569,35.583801,1411 Tunnel Rd,,Asheville,NC,28805,2803,BUNCOMBE
Farside Farms Market 2,-82.46904,35.583874,1311 Tunnel Rd,,Asheville,NC,28805,1628,BUNCOMBE
Family Dollar Store 8294,-82.469604,35.584057,1340 Tunnel Rd,,Asheville,NC,28805,1602,BUNCOMBE
One Stop 11,-82.469475,35.583973,1321 Tunnel Rd,,Asheville,NC,28805,1628,BUNCOMBE
Hanuman Market,-82.483749,35.594837,421 Riceville Rd,,Asheville,NC,28805,9222,BUNCOMBE
The I Market 704,-82.487701,35.587387,1139 Tunnel Rd,,Asheville,NC,28805,2019,BUNCOMBE
BIG KMART 3253,-82.526138,35.584606,4 S TUNNEL RD,,ASHEVILLE,NC,28805,,BUNCOMBE
WAL-MART STORE 1317,-82.513329,35.576511,125 Bleachery Blvd,,Asheville,NC,28805,8209,BUNCOMBE
DOLLAR GENERAL  947,-82.532387,35.59502,85 Tunnel Rd,Ste 7,Asheville,NC,28805,1232,BUNCOMBE
INGLES MARKETS  0004,-82.48761,35.587383,1141 Tunnel Rd,,Asheville,NC,28805,2037,BUNCOMBE
INGLES MARKETS 0007,-82.534599,35.596756,29 Tunnel Rd,,Asheville,NC,28805,1229,BUNCOMBE
ALDI 71,-82.604935,35.583515,1344 Patton Ave,,Asheville,NC,28806,2627,BUNCOMBE
QUICK TRIP 3,-82.591492,35.596138,507 N Louisiana Ave,,Asheville,NC,28806,3718,BUNCOMBE
CITI-STOP 110,-82.60601,35.583046,1361 Patton Ave,,Asheville,NC,28806,2629,BUNCOMBE
CITI-STOP 107,-82.593987,35.578266,760 Haywood Rd,,Asheville,NC,28806,3136,BUNCOMBE
EURO MARKET,-82.602806,35.582829,1341 Parkwood Ave,Ste 101,Asheville,NC,28806,8703,BUNCOMBE
GROCERY OUTLET 25,-82.606323,35.592407,121 New Leicester Hwy,,Asheville,NC,28806,1917,BUNCOMBE
CROSS ROADS GROCERY,-82.628525,35.582722,482 Deaverview Rd,,Asheville,NC,28806,1344,BUNCOMBE
Family Dollar Store 116,-82.593887,35.586937,1067 Patton Ave,,Asheville,NC,28806,3642,BUNCOMBE
Family Dollar Store 3282,-82.627541,35.564934,153 Smokey Park Hwy,,Asheville,NC,28806,1167,BUNCOMBE
Family Dollar Store 6110,-82.588089,35.578739,609 Haywood Rd,,Asheville,NC,28806,3235,BUNCOMBE
Dollar Tree 90,-82.6045,35.532818,800 Brevard Rd,Ste 732,Asheville,NC,28806,2555,BUNCOMBE
Sam's Club 6452,-82.581215,35.589008,645 Patton Ave,,Asheville,NC,28806,3834,BUNCOMBE
Kim's Oriental Food & Gifts,-82.582474,35.590755,5 Regent Park Blvd,Ste 110,Asheville,NC,28806,3759,BUNCOMBE
Kessler Candy Store,-82.582535,35.586823,101 Edgar St,,Asheville,NC,28806,3605,BUNCOMBE
H & B Grocery,-82.583321,35.57291,202 State St,,Asheville,NC,28806,4033,BUNCOMBE
BJ's Food Mart,-82.579521,35.577641,10 Michigan Ave,,Asheville,NC,28806,4109,BUNCOMBE
I & J 7,-82.590149,35.578159,662 Haywood Rd,,Asheville,NC,28806,3259,BUNCOMBE
Walgreens 12779,-82.632294,35.613243,578 New Leicester Hwy,,Asheville,NC,28806,2123,BUNCOMBE
Plemmons Family Foods 1,-82.584793,35.594238,114 Hansel Ave,,Asheville,NC,28806,3735,BUNCOMBE
ROADRUNNER MARKET 150,-82.636124,35.560478,295 Smokey Park Hwy,,Asheville,NC,28806,1161,BUNCOMBE
ROADRUNNER MARKET 148,-82.635498,35.542114,491 Sardis Rd,,Asheville,NC,28806,8506,BUNCOMBE
Quick Trip 1,-82.600204,35.552917,589 Brevard Rd,,Asheville,NC,28806,2316,BUNCOMBE
Grizzly's,-82.591919,35.595722,538 Emma Rd,,Asheville,NC,28806,3732,BUNCOMBE
Sand Hill Grocery,-82.630318,35.552448,901 Sand Hill Rd,,Asheville,NC,28806,1018,BUNCOMBE
Kerr Drug Store 103,-82.597168,35.586731,1124 Patton Ave,,Asheville,NC,28806,2706,BUNCOMBE
Margaritas Town,-82.59288,35.586658,1056 Patton Ave,,Asheville,NC,28806,3639,BUNCOMBE
Healthy Harvest Produce,-82.629463,35.563202,167 Smokey Park Hwy,,Asheville,NC,28806,1138,BUNCOMBE
Wilco 260,-82.628639,35.56385,158 Smokey Park Hwy,,Asheville,NC,28806,1139,BUNCOMBE
Family Stop,-82.624596,35.590878,406 Johnston School Rd,,Asheville,NC,28806,8567,BUNCOMBE
M & J Food Stores,-82.633141,35.564899,1902 Old Haywood Rd,,Asheville,NC,28806,1132,BUNCOMBE
CVS PHARMACY 3847,-82.641113,35.555855,505 Smokey Park Hwy,,Asheville,NC,28806,1030,BUNCOMBE
CVS PHARMACY 4116,-82.574959,35.593361,24 Westgate Pkwy,,Asheville,NC,28806,3835,BUNCOMBE
CVS PHARMACY 5586,-82.621918,35.599026,320 New Leicester Hwy,,Asheville,NC,28806,2021,BUNCOMBE
West Asheville Tailgate Market,-82.592224,35.577484,718 Haywood Rd,,Asheville,NC,28806,3112,BUNCOMBE
Los Nenes Bakery Llc 1,-82.602806,35.582829,1341 Parkwood Ave,Ste 110,Asheville,NC,28806,8703,BUNCOMBE
M & S 3,-82.614174,35.574924,1563 Patton Ave,,Asheville,NC,28806,1748,BUNCOMBE
Mountain Trading Post,-82.626373,35.59103,460 Johnston School Rd,,Asheville,NC,28806,9643,BUNCOMBE
Teagues Country Corner,-82.600235,35.552319,570 Brevard Rd,,Asheville,NC,28806,,BUNCOMBE
Tienda Hispana La Catrachita,-82.594421,35.578617,791 Haywood Rd,,Asheville,NC,28806,3133,BUNCOMBE
EBLEN SHORT STOP #02,-82.573441,35.566727,217 Amboy Rd,,Asheville,NC,28806,4331,BUNCOMBE
SAV-MOR 018,-82.586525,35.587696,891 PATTON AVENUE,,ASHEVILLE,NC,28806,,BUNCOMBE
FLOWERS BAKERY STORE 525,-82.622726,35.600525,328 New Leicester Hwy,,Asheville,NC,28806,2021,BUNCOMBE
BIG KMART  3886,-82.606781,35.526379,980 Brevard Rd,,Asheville,NC,28806,2256,BUNCOMBE
BIG KMART 4112,-82.591553,35.586857,1001 PATTON AVE,,ASHEVILLE,NC,28806,,BUNCOMBE
FAST BREAK,-82.605339,35.601513,840 Emma Rd,,Asheville,NC,28806,2834,BUNCOMBE
EUROFOODS IMPORTED-INTERNATIONAL,-82.610855,35.577328,1483 Patton Ave,,Asheville,NC,28806,1746,BUNCOMBE
MARKET ON HAYWOOD DBA WEST VILLAGE MARKET,-82.59404,35.578407,771 Haywood Rd,,Asheville,NC,28806,3132,BUNCOMBE
FAST BREAK II,-82.613556,35.626537,306 Old Leicester Hwy,,Asheville,NC,28806,8906,BUNCOMBE
DOLLAR GENERAL  6423,-82.590462,35.586906,1005 Patton Ave,,Asheville,NC,28806,3622,BUNCOMBE
DOLLAR GENERAL 6555,-82.616425,35.628319,347 LEICESTER HWY,,ASHEVILLE,NC,28806,,BUNCOMBE
INGLES MARKETS  0062,-82.631271,35.612877,575 New Leicester Hwy,,Asheville,NC,28806,2122,BUNCOMBE
INGLES MARKETS  0002,-82.597733,35.587975,7 New Leicester Hwy,,Asheville,NC,28806,2725,BUNCOMBE
INGLES MARKETS  0005,-82.590721,35.577755,669 Haywood Rd,,Asheville,NC,28806,3257,BUNCOMBE
INGLES MARKETS  0024,-82.605545,35.531033,863 Brevard Rd,,Asheville,NC,28806,2205,BUNCOMBE
INGLES MARKETS  0031,-82.627541,35.564934,153 Smokey Park Hwy,,Asheville,NC,28806,1166,BUNCOMBE
EARTH FARE 100,-82.575439,35.593372,66 Westgate Pkwy,,Asheville,NC,28806,3835,BUNCOMBE
HOT SPOT 5002,-82.606461,35.629337,103 LEICESTER HIGHWAY,,ASHEVILLE,NC,28806,,BUNCOMBE
HOT SPOT 5003,-82.606499,35.521629,1118 Brevard Rd,,Asheville,NC,28806,9555,BUNCOMBE
MOUNTAIN SUNSHINE FARMS,-82.600235,35.552319,570 BREVARD RD,,ASHEVILLE,NC,28806,,BUNCOMBE
